symbol,name,market,exchange,type,last_updated
1101,台泥,TSE,TWSE,EQUITY,2024-05-22
1102,亞泥,TSE,TWSE,EQUITY,2024-05-22
1103,嘉泥,TSE,TWSE,EQUITY,2024-05-22
1104,環泥,TSE,TWSE,EQUITY,2024-05-22
1108,幸福,TSE,TWSE,EQUITY,2024-05-22
1109,信大,TSE,TWSE,EQUITY,2024-05-22
1110,東泥,TSE,TWSE,EQUITY,2024-05-22
1201,味全,TSE,TWSE,EQUITY,2024-05-22
1203,味王,TSE,TWSE,EQUITY,2024-05-22
1210,大成,TSE,TWSE,EQUITY,2024-05-22
1213,大飲,TSE,TWSE,EQUITY,2024-05-22
1215,卜蜂,TSE,TWSE,EQUITY,2024-05-22
1216,統一,TSE,TWSE,EQUITY,2024-05-22
1217,愛之味,TSE,TWSE,EQUITY,2024-05-22
1218,泰山,TSE,TWSE,EQUITY,2024-05-22
1219,福壽,TSE,TWSE,EQUITY,2024-05-22
1220,台榮,TSE,TWSE,EQUITY,2024-05-22
1225,福懋油,TSE,TWSE,EQUITY,2024-05-22
1227,佳格,TSE,TWSE,EQUITY,2024-05-22
1229,聯華,TSE,TWSE,EQUITY,2024-05-22
1231,聯華食,TSE,TWSE,EQUITY,2024-05-22
1232,大統益,TSE,TWSE,EQUITY,2024-05-22
1233,天仁,TSE,TWSE,EQUITY,2024-05-22
1234,黑松,TSE,TWSE,EQUITY,2024-05-22
1235,興泰,TSE,TWSE,EQUITY,2024-05-22
1236,宏亞,TSE,TWSE,EQUITY,2024-05-22
1256,鮮活果汁-KY,TSE,TWSE,EQUITY,2024-05-22
1301,台塑,TSE,TWSE,EQUITY,2024-05-22
1304,台聚,TSE,TWSE,EQUITY,2024-05-22
1303,南亞,TSE,TWSE,EQUITY,2024-05-22
1305,華夏,TSE,TWSE,EQUITY,2024-05-22
1307,三芳,TSE,TWSE,EQUITY,2024-05-22
1308,亞聚,TSE,TWSE,EQUITY,2024-05-22
1309,台達化,TSE,TWSE,EQUITY,2024-05-22
1310,台苯,TSE,TWSE,EQUITY,2024-05-22
1312,國喬,TSE,TWSE,EQUITY,2024-05-22
1313,聯成,TSE,TWSE,EQUITY,2024-05-22
1314,中石化,TSE,TWSE,EQUITY,2024-05-22
1315,達新,TSE,TWSE,EQUITY,2024-05-22
1316,上曜,TSE,TWSE,EQUITY,2024-05-22
1319,東陽,TSE,TWSE,EQUITY,2024-05-22
1321,大洋,TSE,TWSE,EQUITY,2024-05-22
1323,永裕,TSE,TWSE,EQUITY,2024-05-22
1324,地球,TSE,TWSE,EQUITY,2024-05-22
1325,恆大,TSE,TWSE,EQUITY,2024-05-22
1326,台化,TSE,TWSE,EQUITY,2024-05-22
1337,再生-KY,TSE,TWSE,EQUITY,2024-05-22
1338,廣華-KY,TSE,TWSE,EQUITY,2024-05-22
1339,昭輝,TSE,TWSE,EQUITY,2024-05-22
1340,勝悅-KY,TSE,TWSE,EQUITY,2024-05-22
1341,富林-KY,TSE,TWSE,EQUITY,2024-05-22
1342,八貫,TSE,TWSE,EQUITY,2024-05-22
1402,遠東新,TSE,TWSE,EQUITY,2024-05-22
1409,新纖,TSE,TWSE,EQUITY,2024-05-22
1410,南染,TSE,TWSE,EQUITY,2024-05-22
1413,宏洲,TSE,TWSE,EQUITY,2024-05-22
1414,東和,TSE,TWSE,EQUITY,2024-05-22
1416,廣豐,TSE,TWSE,EQUITY,2024-05-22
1417,嘉裕,TSE,TWSE,EQUITY,2024-05-22
1418,東華,TSE,TWSE,EQUITY,2024-05-22
1419,新紡,TSE,TWSE,EQUITY,2024-05-22
1432,大魯閣,TSE,TWSE,EQUITY,2024-05-22
1423,利華,TSE,TWSE,EQUITY,2024-05-22
1434,福懋,TSE,TWSE,EQUITY,2024-05-22
1435,中福,TSE,TWSE,EQUITY,2024-05-22
1436,華友聯,TSE,TWSE,EQUITY,2024-05-22
1437,勤益控,TSE,TWSE,EQUITY,2024-05-22
1438,三地開發,TSE,TWSE,EQUITY,2024-05-22
1439,雋揚,TSE,TWSE,EQUITY,2024-05-22
1440,南紡,TSE,TWSE,EQUITY,2024-05-22
1441,大東,TSE,TWSE,EQUITY,2024-05-22
1442,名軒,TSE,TWSE,EQUITY,2024-05-22
1443,立益物流,TSE,TWSE,EQUITY,2024-05-22
1444,力麗,TSE,TWSE,EQUITY,2024-05-22
1445,大宇,TSE,TWSE,EQUITY,2024-05-22
1446,宏和,TSE,TWSE,EQUITY,2024-05-22
1447,力鵬,TSE,TWSE,EQUITY,2024-05-22
1449,佳和,TSE,TWSE,EQUITY,2024-05-22
1451,年興,TSE,TWSE,EQUITY,2024-05-22
1452,宏益,TSE,TWSE,EQUITY,2024-05-22
1453,大將,TSE,TWSE,EQUITY,2024-05-22
1454,台富,TSE,TWSE,EQUITY,2024-05-22
1455,集盛,TSE,TWSE,EQUITY,2024-05-22
1456,怡華,TSE,TWSE,EQUITY,2024-05-22
1457,宜進,TSE,TWSE,EQUITY,2024-05-22
1459,聯發,TSE,TWSE,EQUITY,2024-05-22
1460,宏遠,TSE,TWSE,EQUITY,2024-05-22
1463,強盛,TSE,TWSE,EQUITY,2024-05-22
1464,得力,TSE,TWSE,EQUITY,2024-05-22
1465,偉全,TSE,TWSE,EQUITY,2024-05-22
1466,聚隆,TSE,TWSE,EQUITY,2024-05-22
1467,南緯,TSE,TWSE,EQUITY,2024-05-22
1468,昶和,TSE,TWSE,EQUITY,2024-05-22
1470,大統新創,TSE,TWSE,EQUITY,2024-05-22
1471,首利,TSE,TWSE,EQUITY,2024-05-22
1472,三洋實業,TSE,TWSE,EQUITY,2024-05-22
1473,台南,TSE,TWSE,EQUITY,2024-05-22
1474,弘裕,TSE,TWSE,EQUITY,2024-05-22
1475,業旺,TSE,TWSE,EQUITY,2024-05-22
1476,儒鴻,TSE,TWSE,EQUITY,2024-05-22
1477,聚陽,TSE,TWSE,EQUITY,2024-05-22
1503,士電,TSE,TWSE,EQUITY,2024-05-22
1504,東元,TSE,TWSE,EQUITY,2024-05-22
1512,瑞利,TSE,TWSE,EQUITY,2024-05-22
1506,正道,TSE,TWSE,EQUITY,2024-05-22
1513,中興電,TSE,TWSE,EQUITY,2024-05-22
1514,亞力,TSE,TWSE,EQUITY,2024-05-22
1515,力山,TSE,TWSE,EQUITY,2024-05-22
1516,川飛,TSE,TWSE,EQUITY,2024-05-22
1517,利奇,TSE,TWSE,EQUITY,2024-05-22
1519,華城,TSE,TWSE,EQUITY,2024-05-22
1521,大億,TSE,TWSE,EQUITY,2024-05-22
1522,堤維西,TSE,TWSE,EQUITY,2024-05-22
1524,耿鼎,TSE,TWSE,EQUITY,2024-05-22
1526,日馳,TSE,TWSE,EQUITY,2024-05-22
1525,江申,TSE,TWSE,EQUITY,2024-05-22
1527,鑽全,TSE,TWSE,EQUITY,2024-05-22
1528,恩德,TSE,TWSE,EQUITY,2024-05-22
1529,樂事綠能,TSE,TWSE,EQUITY,2024-05-22
1530,亞崴,TSE,TWSE,EQUITY,2024-05-22
1531,高林股,TSE,TWSE,EQUITY,2024-05-22
1532,勤美,TSE,TWSE,EQUITY,2024-05-22
1533,車王電,TSE,TWSE,EQUITY,2024-05-22
1535,中宇,TSE,TWSE,EQUITY,2024-05-22
1536,和大,TSE,TWSE,EQUITY,2024-05-22
1537,廣隆,TSE,TWSE,EQUITY,2024-05-22
1538,正峰,TSE,TWSE,EQUITY,2024-05-22
1539,巨庭,TSE,TWSE,EQUITY,2024-05-22
1540,喬福,TSE,TWSE,EQUITY,2024-05-22
1541,錩泰,TSE,TWSE,EQUITY,2024-05-22
1558,伸興,TSE,TWSE,EQUITY,2024-05-22
1560,中砂,TSE,TWSE,EQUITY,2024-05-22
1563,巧新,TSE,TWSE,EQUITY,2024-05-22
1568,倉佑,TSE,TWSE,EQUITY,2024-05-22
1582,信錦,TSE,TWSE,EQUITY,2024-05-22
1583,程泰,TSE,TWSE,EQUITY,2024-05-22
1589,永冠-KY,TSE,TWSE,EQUITY,2024-05-22
1590,亞德客-KY,TSE,TWSE,EQUITY,2024-05-22
1597,直得,TSE,TWSE,EQUITY,2024-05-22
1598,岱宇,TSE,TWSE,EQUITY,2024-05-22
1603,華電,TSE,TWSE,EQUITY,2024-05-22
1604,聲寶,TSE,TWSE,EQUITY,2024-05-22
1605,華新,TSE,TWSE,EQUITY,2024-05-22
1608,華榮,TSE,TWSE,EQUITY,2024-05-22
1609,大亞,TSE,TWSE,EQUITY,2024-05-22
1611,中電,TSE,TWSE,EQUITY,2024-05-22
1612,宏泰,TSE,TWSE,EQUITY,2024-05-22
1614,三洋電,TSE,TWSE,EQUITY,2024-05-22
1615,大山,TSE,TWSE,EQUITY,2024-05-22
1616,億泰,TSE,TWSE,EQUITY,2024-05-22
1617,榮星,TSE,TWSE,EQUITY,2024-05-22
1626,艾美特-KY,TSE,TWSE,EQUITY,2024-05-22
1701,中化,TSE,TWSE,EQUITY,2024-05-22
1702,南僑,TSE,TWSE,EQUITY,2024-05-22
1707,葡萄王,TSE,TWSE,EQUITY,2024-05-22
1708,東鹼,TSE,TWSE,EQUITY,2024-05-22
1709,和益,TSE,TWSE,EQUITY,2024-05-22
1710,東聯,TSE,TWSE,EQUITY,2024-05-22
1711,永光,TSE,TWSE,EQUITY,2024-05-22
1712,興農,TSE,TWSE,EQUITY,2024-05-22
1713,國化,TSE,TWSE,EQUITY,2024-05-22
1714,和桐,TSE,TWSE,EQUITY,2024-05-22
1717,長興,TSE,TWSE,EQUITY,2024-05-22
1718,中纖,TSE,TWSE,EQUITY,2024-05-22
1720,生達,TSE,TWSE,EQUITY,2024-05-22
1721,三晃,TSE,TWSE,EQUITY,2024-05-22
1722,台肥,TSE,TWSE,EQUITY,2024-05-22
1723,中碳,TSE,TWSE,EQUITY,2024-05-22
1725,元禎,TSE,TWSE,EQUITY,2024-05-22
1726,永記,TSE,TWSE,EQUITY,2024-05-22
1727,中華化,TSE,TWSE,EQUITY,2024-05-22
1730,花仙子,TSE,TWSE,EQUITY,2024-05-22
1731,美吾華,TSE,TWSE,EQUITY,2024-05-22
1732,毛寶,TSE,TWSE,EQUITY,2024-05-22
1733,五鼎,TSE,TWSE,EQUITY,2024-05-22
1734,杏輝,TSE,TWSE,EQUITY,2024-05-22
1735,日勝化,TSE,TWSE,EQUITY,2024-05-22
1736,喬山,TSE,TWSE,EQUITY,2024-05-22
1737,臺鹽,TSE,TWSE,EQUITY,2024-05-22
1760,寶齡富錦,TSE,TWSE,EQUITY,2024-05-22
1762,中化生,TSE,TWSE,EQUITY,2024-05-22
1773,勝一,TSE,TWSE,EQUITY,2024-05-22
1776,展宇,TSE,TWSE,EQUITY,2024-05-22
1783,和康生,TSE,TWSE,EQUITY,2024-05-22
1786,科妍,TSE,TWSE,EQUITY,2024-05-22
1789,神隆,TSE,TWSE,EQUITY,2024-05-22
1795,美時,TSE,TWSE,EQUITY,2024-05-22
1802,台玻,TSE,TWSE,EQUITY,2024-05-22
1805,寶徠,TSE,TWSE,EQUITY,2024-05-22
1806,冠軍,TSE,TWSE,EQUITY,2024-05-22
1808,潤隆,TSE,TWSE,EQUITY,2024-05-22
1809,中釉,TSE,TWSE,EQUITY,2024-05-22
1810,和成,TSE,TWSE,EQUITY,2024-05-22
1817,凱撒衛,TSE,TWSE,EQUITY,2024-05-22
1903,士紙,TSE,TWSE,EQUITY,2024-05-22
1904,正隆,TSE,TWSE,EQUITY,2024-05-22
1905,華紙,TSE,TWSE,EQUITY,2024-05-22
1906,寶隆,TSE,TWSE,EQUITY,2024-05-22
1907,永豐餘,TSE,TWSE,EQUITY,2024-05-22
1909,榮成,TSE,TWSE,EQUITY,2024-05-22
2002,中鋼,TSE,TWSE,EQUITY,2024-05-22
2006,東和鋼鐵,TSE,TWSE,EQUITY,2024-05-22
2008,高興昌,TSE,TWSE,EQUITY,2024-05-22
2007,燁興,TSE,TWSE,EQUITY,2024-05-22
2012,春雨,TSE,TWSE,EQUITY,2024-05-22
2010,春源,TSE,TWSE,EQUITY,2024-05-22
2013,中鋼構,TSE,TWSE,EQUITY,2024-05-22
2014,中鴻,TSE,TWSE,EQUITY,2024-05-22
2015,豐興,TSE,TWSE,EQUITY,2024-05-22
2017,官田鋼,TSE,TWSE,EQUITY,2024-05-22
2020,美亞,TSE,TWSE,EQUITY,2024-05-22
2022,聚亨,TSE,TWSE,EQUITY,2024-05-22
2023,燁輝,TSE,TWSE,EQUITY,2024-05-22
2024,志聯,TSE,TWSE,EQUITY,2024-05-22
2025,千興,TSE,TWSE,EQUITY,2024-05-22
2027,大成鋼,TSE,TWSE,EQUITY,2024-05-22
2028,威致,TSE,TWSE,EQUITY,2024-05-22
2029,盛餘,TSE,TWSE,EQUITY,2024-05-22
2030,彰源,TSE,TWSE,EQUITY,2024-05-22
2031,新光鋼,TSE,TWSE,EQUITY,2024-05-22
2032,新鋼,TSE,TWSE,EQUITY,2024-05-22
2033,佳大,TSE,TWSE,EQUITY,2024-05-22
2034,允強,TSE,TWSE,EQUITY,2024-05-22
2049,上銀,TSE,TWSE,EQUITY,2024-05-22
2038,海光,TSE,TWSE,EQUITY,2024-05-22
2059,川湖,TSE,TWSE,EQUITY,2024-05-22
2062,橋椿,TSE,TWSE,EQUITY,2024-05-22
2069,運錩,TSE,TWSE,EQUITY,2024-05-22
2101,南港,TSE,TWSE,EQUITY,2024-05-22
2102,泰豐,TSE,TWSE,EQUITY,2024-05-22
2103,台橡,TSE,TWSE,EQUITY,2024-05-22
2104,國際中橡,TSE,TWSE,EQUITY,2024-05-22
2105,正新,TSE,TWSE,EQUITY,2024-05-22
2106,建大,TSE,TWSE,EQUITY,2024-05-22
2107,厚生,TSE,TWSE,EQUITY,2024-05-22
2108,南帝,TSE,TWSE,EQUITY,2024-05-22
2109,華豐,TSE,TWSE,EQUITY,2024-05-22
2114,鑫永銓,TSE,TWSE,EQUITY,2024-05-22
2115,六暉-KY,TSE,TWSE,EQUITY,2024-05-22
2201,裕隆,TSE,TWSE,EQUITY,2024-05-22
2204,中華,TSE,TWSE,EQUITY,2024-05-22
2207,和泰車,TSE,TWSE,EQUITY,2024-05-22
2208,台船,TSE,TWSE,EQUITY,2024-05-22
2211,長榮鋼,TSE,TWSE,EQUITY,2024-05-22
2227,裕日車,TSE,TWSE,EQUITY,2024-05-22
2228,劍麟,TSE,TWSE,EQUITY,2024-05-22
2231,為升,TSE,TWSE,EQUITY,2024-05-22
2233,宇隆,TSE,TWSE,EQUITY,2024-05-22
2236,百達-KY,TSE,TWSE,EQUITY,2024-05-22
2239,英利-KY,TSE,TWSE,EQUITY,2024-05-22
2241,艾姆勒,TSE,TWSE,EQUITY,2024-05-22
2243,宏旭-KY,TSE,TWSE,EQUITY,2024-05-22
2247,汎德永業,TSE,TWSE,EQUITY,2024-05-22
2250,IKKA-KY,TSE,TWSE,EQUITY,2024-05-22
2301,光寶科,TSE,TWSE,EQUITY,2024-05-22
2302,麗正,TSE,TWSE,EQUITY,2024-05-22
2303,聯電,TSE,TWSE,EQUITY,2024-05-22
2305,全友,TSE,TWSE,EQUITY,2024-05-22
2308,台達電,TSE,TWSE,EQUITY,2024-05-22
2312,金寶,TSE,TWSE,EQUITY,2024-05-22
2313,華通,TSE,TWSE,EQUITY,2024-05-22
2314,台揚,TSE,TWSE,EQUITY,2024-05-22
2316,楠梓電,TSE,TWSE,EQUITY,2024-05-22
2317,鴻海,TSE,TWSE,EQUITY,2024-05-22
2321,東訊,TSE,TWSE,EQUITY,2024-05-22
2323,中環,TSE,TWSE,EQUITY,2024-05-22
2324,仁寶,TSE,TWSE,EQUITY,2024-05-22
2327,國巨,TSE,TWSE,EQUITY,2024-05-22
2328,廣宇,TSE,TWSE,EQUITY,2024-05-22
2329,華泰,TSE,TWSE,EQUITY,2024-05-22
2330,台積電,TSE,TWSE,EQUITY,2024-05-22
2331,精英,TSE,TWSE,EQUITY,2024-05-22
2332,友訊,TSE,TWSE,EQUITY,2024-05-22
2337,旺宏,TSE,TWSE,EQUITY,2024-05-22
2338,光罩,TSE,TWSE,EQUITY,2024-05-22
2340,台亞,TSE,TWSE,EQUITY,2024-05-22
2342,茂矽,TSE,TWSE,EQUITY,2024-05-22
2344,華邦電,TSE,TWSE,EQUITY,2024-05-22
2345,智邦,TSE,TWSE,EQUITY,2024-05-22
2347,聯強,TSE,TWSE,EQUITY,2024-05-22
2348,海悅,TSE,TWSE,EQUITY,2024-05-22
2349,錸德,TSE,TWSE,EQUITY,2024-05-22
2351,順德,TSE,TWSE,EQUITY,2024-05-22
2352,佳世達,TSE,TWSE,EQUITY,2024-05-22
2353,宏碁,TSE,TWSE,EQUITY,2024-05-22
2354,鴻準,TSE,TWSE,EQUITY,2024-05-22
2355,敬鵬,TSE,TWSE,EQUITY,2024-05-22
2356,英業達,TSE,TWSE,EQUITY,2024-05-22
2357,華碩,TSE,TWSE,EQUITY,2024-05-22
2360,致茂,TSE,TWSE,EQUITY,2024-05-22
2364,倫飛,TSE,TWSE,EQUITY,2024-05-22
2368,金像電,TSE,TWSE,EQUITY,2024-05-22
2369,菱生,TSE,TWSE,EQUITY,2024-05-22
2371,大同,TSE,TWSE,EQUITY,2024-05-22
2373,震旦行,TSE,TWSE,EQUITY,2024-05-22
2375,凱美,TSE,TWSE,EQUITY,2024-05-22
2376,技嘉,TSE,TWSE,EQUITY,2024-05-22
2377,微星,TSE,TWSE,EQUITY,2024-05-22
2379,瑞昱,TSE,TWSE,EQUITY,2024-05-22
2380,虹光,TSE,TWSE,EQUITY,2024-05-22
2382,廣達,TSE,TWSE,EQUITY,2024-05-22
2383,台光電,TSE,TWSE,EQUITY,2024-05-22
2385,群光,TSE,TWSE,EQUITY,2024-05-22
2387,精元,TSE,TWSE,EQUITY,2024-05-22
2388,威盛,TSE,TWSE,EQUITY,2024-05-22
2390,云辰,TSE,TWSE,EQUITY,2024-05-22
2392,正崴,TSE,TWSE,EQUITY,2024-05-22
2393,億光,TSE,TWSE,EQUITY,2024-05-22
2395,研華,TSE,TWSE,EQUITY,2024-05-22
2397,友通,TSE,TWSE,EQUITY,2024-05-22
2399,映泰,TSE,TWSE,EQUITY,2024-05-22
2401,凌陽,TSE,TWSE,EQUITY,2024-05-22
2402,毅嘉,TSE,TWSE,EQUITY,2024-05-22
2404,漢唐,TSE,TWSE,EQUITY,2024-05-22
2405,輔信,TSE,TWSE,EQUITY,2024-05-22
2406,國碩,TSE,TWSE,EQUITY,2024-05-22
2408,南亞科,TSE,TWSE,EQUITY,2024-05-22
2409,友達,TSE,TWSE,EQUITY,2024-05-22
2412,中華電,TSE,TWSE,EQUITY,2024-05-22
2413,環科,TSE,TWSE,EQUITY,2024-05-22
2414,精技,TSE,TWSE,EQUITY,2024-05-22
2415,錩新,TSE,TWSE,EQUITY,2024-05-22
2417,圓剛,TSE,TWSE,EQUITY,2024-05-22
2419,仲琦,TSE,TWSE,EQUITY,2024-05-22
2420,新巨,TSE,TWSE,EQUITY,2024-05-22
2421,建準,TSE,TWSE,EQUITY,2024-05-22
2423,固緯,TSE,TWSE,EQUITY,2024-05-22
2424,隴華,TSE,TWSE,EQUITY,2024-05-22
2425,承啟,TSE,TWSE,EQUITY,2024-05-22
2426,鼎元,TSE,TWSE,EQUITY,2024-05-22
2427,三商電,TSE,TWSE,EQUITY,2024-05-22
2428,興勤,TSE,TWSE,EQUITY,2024-05-22
2429,銘旺科,TSE,TWSE,EQUITY,2024-05-22
2430,燦坤,TSE,TWSE,EQUITY,2024-05-22
2431,聯昌,TSE,TWSE,EQUITY,2024-05-22
2433,互盛電,TSE,TWSE,EQUITY,2024-05-22
2434,統懋,TSE,TWSE,EQUITY,2024-05-22
2436,偉詮電,TSE,TWSE,EQUITY,2024-05-22
2438,翔耀,TSE,TWSE,EQUITY,2024-05-22
2439,美律,TSE,TWSE,EQUITY,2024-05-22
2440,太空梭,TSE,TWSE,EQUITY,2024-05-22
2441,超豐,TSE,TWSE,EQUITY,2024-05-22
2442,新美齊,TSE,TWSE,EQUITY,2024-05-22
2444,兆勁,TSE,TWSE,EQUITY,2024-05-22
2449,京元電子,TSE,TWSE,EQUITY,2024-05-22
2450,神腦,TSE,TWSE,EQUITY,2024-05-22
2451,創見,TSE,TWSE,EQUITY,2024-05-22
2453,凌群,TSE,TWSE,EQUITY,2024-05-22
2454,聯發科,TSE,TWSE,EQUITY,2024-05-22
2455,全新,TSE,TWSE,EQUITY,2024-05-22
2457,飛宏,TSE,TWSE,EQUITY,2024-05-22
2458,義隆,TSE,TWSE,EQUITY,2024-05-22
2459,敦吉,TSE,TWSE,EQUITY,2024-05-22
2460,建通,TSE,TWSE,EQUITY,2024-05-22
2461,光群雷,TSE,TWSE,EQUITY,2024-05-22
2462,良得電,TSE,TWSE,EQUITY,2024-05-22
2465,麗臺,TSE,TWSE,EQUITY,2024-05-22
2466,冠西電,TSE,TWSE,EQUITY,2024-05-22
2467,志聖,TSE,TWSE,EQUITY,2024-05-22
2468,華經,TSE,TWSE,EQUITY,2024-05-22
2471,資通,TSE,TWSE,EQUITY,2024-05-22
2472,立隆電,TSE,TWSE,EQUITY,2024-05-22
2474,可成,TSE,TWSE,EQUITY,2024-05-22
2476,鉅祥,TSE,TWSE,EQUITY,2024-05-22
2477,美隆電,TSE,TWSE,EQUITY,2024-05-22
2478,大毅,TSE,TWSE,EQUITY,2024-05-22
2480,敦陽科,TSE,TWSE,EQUITY,2024-05-22
2481,強茂,TSE,TWSE,EQUITY,2024-05-22
2482,連宇,TSE,TWSE,EQUITY,2024-05-22
2483,百容,TSE,TWSE,EQUITY,2024-05-22
2484,希華,TSE,TWSE,EQUITY,2024-05-22
2485,兆赫,TSE,TWSE,EQUITY,2024-05-22
2486,一詮,TSE,TWSE,EQUITY,2024-05-22
2488,漢平,TSE,TWSE,EQUITY,2024-05-22
2489,瑞軒,TSE,TWSE,EQUITY,2024-05-22
2492,華新科,TSE,TWSE,EQUITY,2024-05-22
2493,揚博,TSE,TWSE,EQUITY,2024-05-22
2495,普安,TSE,TWSE,EQUITY,2024-05-22
2496,卓越,TSE,TWSE,EQUITY,2024-05-22
2497,怡利電,TSE,TWSE,EQUITY,2024-05-22
2498,宏達電,TSE,TWSE,EQUITY,2024-05-22
2501,國建,TSE,TWSE,EQUITY,2024-05-22
2504,國產,TSE,TWSE,EQUITY,2024-05-22
2505,國揚,TSE,TWSE,EQUITY,2024-05-22
2506,太設,TSE,TWSE,EQUITY,2024-05-22
2509,全坤建,TSE,TWSE,EQUITY,2024-05-22
2511,太子,TSE,TWSE,EQUITY,2024-05-22
2514,龍邦,TSE,TWSE,EQUITY,2024-05-22
2515,中工,TSE,TWSE,EQUITY,2024-05-22
2516,新建,TSE,TWSE,EQUITY,2024-05-22
2520,冠德,TSE,TWSE,EQUITY,2024-05-22
2524,京城,TSE,TWSE,EQUITY,2024-05-22
2527,宏璟,TSE,TWSE,EQUITY,2024-05-22
2528,皇普,TSE,TWSE,EQUITY,2024-05-22
2530,華建,TSE,TWSE,EQUITY,2024-05-22
2534,宏盛,TSE,TWSE,EQUITY,2024-05-22
2535,達欣工,TSE,TWSE,EQUITY,2024-05-22
2536,宏普,TSE,TWSE,EQUITY,2024-05-22
2537,聯上發,TSE,TWSE,EQUITY,2024-05-22
2538,基泰,TSE,TWSE,EQUITY,2024-05-22
2539,櫻花建,TSE,TWSE,EQUITY,2024-05-22
2540,愛山林,TSE,TWSE,EQUITY,2024-05-22
2542,興富發,TSE,TWSE,EQUITY,2024-05-22
2543,皇昌,TSE,TWSE,EQUITY,2024-05-22
2545,皇翔,TSE,TWSE,EQUITY,2024-05-22
2546,根基,TSE,TWSE,EQUITY,2024-05-22
2547,日勝生,TSE,TWSE,EQUITY,2024-05-22
2548,華固,TSE,TWSE,EQUITY,2024-05-22
2597,潤弘,TSE,TWSE,EQUITY,2024-05-22
2601,益航,TSE,TWSE,EQUITY,2024-05-22
2603,長榮,TSE,TWSE,EQUITY,2024-05-22
2605,新興,TSE,TWSE,EQUITY,2024-05-22
2606,裕民,TSE,TWSE,EQUITY,2024-05-22
2607,榮運,TSE,TWSE,EQUITY,2024-05-22
2608,嘉里大榮,TSE,TWSE,EQUITY,2024-05-22
2610,華航,TSE,TWSE,EQUITY,2024-05-22
2611,志信,TSE,TWSE,EQUITY,2024-05-22
2612,中航,TSE,TWSE,EQUITY,2024-05-22
2613,中櫃,TSE,TWSE,EQUITY,2024-05-22
2614,東森,TSE,TWSE,EQUITY,2024-05-22
2616,山隆,TSE,TWSE,EQUITY,2024-05-22
2617,台航,TSE,TWSE,EQUITY,2024-05-22
2618,長榮航,TSE,TWSE,EQUITY,2024-05-22
2630,亞航,TSE,TWSE,EQUITY,2024-05-22
2633,台灣高鐵,TSE,TWSE,EQUITY,2024-05-22
2634,漢翔,TSE,TWSE,EQUITY,2024-05-22
2636,台驊投控,TSE,TWSE,EQUITY,2024-05-22
2637,慧洋-KY,TSE,TWSE,EQUITY,2024-05-22
2642,宅配通,TSE,TWSE,EQUITY,2024-05-22
2645,長榮航太,TSE,TWSE,EQUITY,2024-05-22
2701,萬企,TSE,TWSE,EQUITY,2024-05-22
2702,華園,TSE,TWSE,EQUITY,2024-05-22
2704,國賓,TSE,TWSE,EQUITY,2024-05-22
2705,六福,TSE,TWSE,EQUITY,2024-05-22
2706,第一店,TSE,TWSE,EQUITY,2024-05-22
2707,晶華,TSE,TWSE,EQUITY,2024-05-22
2712,遠雄來,TSE,TWSE,EQUITY,2024-05-22
2722,夏都,TSE,TWSE,EQUITY,2024-05-22
2723,美食-KY,TSE,TWSE,EQUITY,2024-05-22
2727,王品,TSE,TWSE,EQUITY,2024-05-22
2731,雄獅,TSE,TWSE,EQUITY,2024-05-22
2739,寒舍,TSE,TWSE,EQUITY,2024-05-22
2748,雲品,TSE,TWSE,EQUITY,2024-05-22
2753,八方雲集,TSE,TWSE,EQUITY,2024-05-22
2762,世界健身-KY,TSE,TWSE,EQUITY,2024-05-22
2801,彰銀,TSE,TWSE,EQUITY,2024-05-22
2809,京城銀,TSE,TWSE,EQUITY,2024-05-22
2812,台中銀,TSE,TWSE,EQUITY,2024-05-22
2816,旺旺保,TSE,TWSE,EQUITY,2024-05-22
2820,華票,TSE,TWSE,EQUITY,2024-05-22
2832,台產,TSE,TWSE,EQUITY,2024-05-22
2834,臺企銀,TSE,TWSE,EQUITY,2024-05-22
2836,高雄銀,TSE,TWSE,EQUITY,2024-05-22
2838,聯邦銀,TSE,TWSE,EQUITY,2024-05-22
2845,遠東銀,TSE,TWSE,EQUITY,2024-05-22
2849,安泰銀,TSE,TWSE,EQUITY,2024-05-22
2850,新產,TSE,TWSE,EQUITY,2024-05-22
2851,中再保,TSE,TWSE,EQUITY,2024-05-22
2852,第一保,TSE,TWSE,EQUITY,2024-05-22
2855,統一證,TSE,TWSE,EQUITY,2024-05-22
2867,三商壽,TSE,TWSE,EQUITY,2024-05-22
2880,華南金,TSE,TWSE,EQUITY,2024-05-22
2881,富邦金,TSE,TWSE,EQUITY,2024-05-22
2882,國泰金,TSE,TWSE,EQUITY,2024-05-22
2883,開發金,TSE,TWSE,EQUITY,2024-05-22
2884,玉山金,TSE,TWSE,EQUITY,2024-05-22
2885,元大金,TSE,TWSE,EQUITY,2024-05-22
2886,兆豐金,TSE,TWSE,EQUITY,2024-05-22
2887,台新金,TSE,TWSE,EQUITY,2024-05-22
2887E,台新戊特,TSE,TWSE,EQUITY,2024-05-22
2887F,台新戊特二,TSE,TWSE,EQUITY,2024-05-22
2887Z1,台新己特,TSE,TWSE,EQUITY,2024-05-22
2888,新光金,TSE,TWSE,EQUITY,2024-05-22
2889,國票金,TSE,TWSE,EQUITY,2024-05-22
2890,永豐金,TSE,TWSE,EQUITY,2024-05-22
2891,中信金,TSE,TWSE,EQUITY,2024-05-22
2892,第一金,TSE,TWSE,EQUITY,2024-05-22
2897,王道銀行,TSE,TWSE,EQUITY,2024-05-22
2901,欣欣,TSE,TWSE,EQUITY,2024-05-22
2903,遠百,TSE,TWSE,EQUITY,2024-05-22
2904,匯僑,TSE,TWSE,EQUITY,2024-05-22
2905,三商,TSE,TWSE,EQUITY,2024-05-22
2906,高林,TSE,TWSE,EQUITY,2024-05-22
2908,特力,TSE,TWSE,EQUITY,2024-05-22
2910,統領,TSE,TWSE,EQUITY,2024-05-22
2911,麗嬰房,TSE,TWSE,EQUITY,2024-05-22
2912,統一超,TSE,TWSE,EQUITY,2024-05-22
2913,農林,TSE,TWSE,EQUITY,2024-05-22
2915,潤泰全,TSE,TWSE,EQUITY,2024-05-22
2923,鼎固-KY,TSE,TWSE,EQUITY,2024-05-22
2929,淘帝-KY,TSE,TWSE,EQUITY,2024-05-22
2939,凱羿-KY,TSE,TWSE,EQUITY,2024-05-22
2945,三商家購,TSE,TWSE,EQUITY,2024-05-22
3002,歐格,TSE,TWSE,EQUITY,2024-05-22
3003,健和興,TSE,TWSE,EQUITY,2024-05-22
3004,豐達科,TSE,TWSE,EQUITY,2024-05-22
3005,神基,TSE,TWSE,EQUITY,2024-05-22
3006,晶豪科,TSE,TWSE,EQUITY,2024-05-22
3008,大立光,TSE,TWSE,EQUITY,2024-05-22
3010,華立,TSE,TWSE,EQUITY,2024-05-22
3011,今皓,TSE,TWSE,EQUITY,2024-05-22
3014,聯陽,TSE,TWSE,EQUITY,2024-05-22
3015,全漢,TSE,TWSE,EQUITY,2024-05-22
3016,嘉晶,TSE,TWSE,EQUITY,2024-05-22
3017,奇鋐,TSE,TWSE,EQUITY,2024-05-22
3018,隆銘綠能,TSE,TWSE,EQUITY,2024-05-22
3019,亞光,TSE,TWSE,EQUITY,2024-05-22
3021,鴻名,TSE,TWSE,EQUITY,2024-05-22
3022,威強電,TSE,TWSE,EQUITY,2024-05-22
3023,信邦,TSE,TWSE,EQUITY,2024-05-22
3024,憶聲,TSE,TWSE,EQUITY,2024-05-22
3025,星通,TSE,TWSE,EQUITY,2024-05-22
3026,禾伸堂,TSE,TWSE,EQUITY,2024-05-22
3027,盛達,TSE,TWSE,EQUITY,2024-05-22
3028,增你強,TSE,TWSE,EQUITY,2024-05-22
3029,零壹,TSE,TWSE,EQUITY,2024-05-22
3030,德律,TSE,TWSE,EQUITY,2024-05-22
3031,佰鴻,TSE,TWSE,EQUITY,2024-05-22
3032,偉訓,TSE,TWSE,EQUITY,2024-05-22
3033,威健,TSE,TWSE,EQUITY,2024-05-22
3034,聯詠,TSE,TWSE,EQUITY,2024-05-22
3035,智原,TSE,TWSE,EQUITY,2024-05-22
3036,文曄,TSE,TWSE,EQUITY,2024-05-22
3037,欣興,TSE,TWSE,EQUITY,2024-05-22
3038,全台,TSE,TWSE,EQUITY,2024-05-22
3040,遠見,TSE,TWSE,EQUITY,2024-05-22
3041,揚智,TSE,TWSE,EQUITY,2024-05-22
3042,晶技,TSE,TWSE,EQUITY,2024-05-22
3043,科風,TSE,TWSE,EQUITY,2024-05-22
3045,台灣大,TSE,TWSE,EQUITY,2024-05-22
3046,建碁,TSE,TWSE,EQUITY,2024-05-22
3047,訊舟,TSE,TWSE,EQUITY,2024-05-22
3048,益登,TSE,TWSE,EQUITY,2024-05-22
3049,精金,TSE,TWSE,EQUITY,2024-05-22
3050,鈺德,TSE,TWSE,EQUITY,2024-05-22
3051,力特,TSE,TWSE,EQUITY,2024-05-22
3052,夆典,TSE,TWSE,EQUITY,2024-05-22
3054,立萬利,TSE,TWSE,EQUITY,2024-05-22
3055,蔚華科,TSE,TWSE,EQUITY,2024-05-22
3056,富華新,TSE,TWSE,EQUITY,2024-05-22
3057,喬鼎,TSE,TWSE,EQUITY,2024-05-22
3058,立德,TSE,TWSE,EQUITY,2024-05-22
3059,華晶科,TSE,TWSE,EQUITY,2024-05-22
3060,銘異,TSE,TWSE,EQUITY,2024-05-22
3062,建漢,TSE,TWSE,EQUITY,2024-05-22
3090,日電貿,TSE,TWSE,EQUITY,2024-05-22
3092,鴻碩,TSE,TWSE,EQUITY,2024-05-22
3094,聯傑,TSE,TWSE,EQUITY,2024-05-22
3130,一零四,TSE,TWSE,EQUITY,2024-05-22
3138,耀登,TSE,TWSE,EQUITY,2024-05-22
3149,正達,TSE,TWSE,EQUITY,2024-05-22
3164,景岳,TSE,TWSE,EQUITY,2024-05-22
3167,大量,TSE,TWSE,EQUITY,2024-05-22
3168,眾福科,TSE,TWSE,EQUITY,2024-05-22
3189,景碩,TSE,TWSE,EQUITY,2024-05-22
3209,全科,TSE,TWSE,EQUITY,2024-05-22
3229,晟鈦,TSE,TWSE,EQUITY,2024-05-22
3231,緯創,TSE,TWSE,EQUITY,2024-05-22
3257,虹冠電,TSE,TWSE,EQUITY,2024-05-22
3266,昇陽,TSE,TWSE,EQUITY,2024-05-22
3296,勝德,TSE,TWSE,EQUITY,2024-05-22
3305,昇貿,TSE,TWSE,EQUITY,2024-05-22
3308,聯德,TSE,TWSE,EQUITY,2024-05-22
3311,閎暉,TSE,TWSE,EQUITY,2024-05-22
3312,弘憶股,TSE,TWSE,EQUITY,2024-05-22
3321,同泰,TSE,TWSE,EQUITY,2024-05-22
3346,麗清,TSE,TWSE,EQUITY,2024-05-22
3356,奇偶,TSE,TWSE,EQUITY,2024-05-22
3376,新日興,TSE,TWSE,EQUITY,2024-05-22
3380,明泰,TSE,TWSE,EQUITY,2024-05-22
3406,玉晶光,TSE,TWSE,EQUITY,2024-05-22
3413,京鼎,TSE,TWSE,EQUITY,2024-05-22
3416,融程電,TSE,TWSE,EQUITY,2024-05-22
3419,譁裕,TSE,TWSE,EQUITY,2024-05-22
3432,台端,TSE,TWSE,EQUITY,2024-05-22
3437,榮創,TSE,TWSE,EQUITY,2024-05-22
3443,創意,TSE,TWSE,EQUITY,2024-05-22
3447,展達,TSE,TWSE,EQUITY,2024-05-22
3450,聯鈞,TSE,TWSE,EQUITY,2024-05-22
3454,晶睿,TSE,TWSE,EQUITY,2024-05-22
3481,群創,TSE,TWSE,EQUITY,2024-05-22
3494,誠研,TSE,TWSE,EQUITY,2024-05-22
3501,維熹,TSE,TWSE,EQUITY,2024-05-22
3504,揚明光,TSE,TWSE,EQUITY,2024-05-22
3515,華擎,TSE,TWSE,EQUITY,2024-05-22
3518,柏騰,TSE,TWSE,EQUITY,2024-05-22
3528,安馳,TSE,TWSE,EQUITY,2024-05-22
3530,晶相光,TSE,TWSE,EQUITY,2024-05-22
3532,台勝科,TSE,TWSE,EQUITY,2024-05-22
3533,嘉澤,TSE,TWSE,EQUITY,2024-05-22
3535,晶彩科,TSE,TWSE,EQUITY,2024-05-22
3543,州巧,TSE,TWSE,EQUITY,2024-05-22
3545,敦泰,TSE,TWSE,EQUITY,2024-05-22
3550,聯穎,TSE,TWSE,EQUITY,2024-05-22
3557,嘉威,TSE,TWSE,EQUITY,2024-05-22
3563,牧德,TSE,TWSE,EQUITY,2024-05-22
3576,聯合再生,TSE,TWSE,EQUITY,2024-05-22
3583,辛耘,TSE,TWSE,EQUITY,2024-05-22
3588,通嘉,TSE,TWSE,EQUITY,2024-05-22
3591,艾笛森,TSE,TWSE,EQUITY,2024-05-22
3592,瑞鼎,TSE,TWSE,EQUITY,2024-05-22
3593,力銘,TSE,TWSE,EQUITY,2024-05-22
3596,智易,TSE,TWSE,EQUITY,2024-05-22
3605,宏致,TSE,TWSE,EQUITY,2024-05-22
3607,谷崧,TSE,TWSE,EQUITY,2024-05-22
3617,碩天,TSE,TWSE,EQUITY,2024-05-22
3622,洋華,TSE,TWSE,EQUITY,2024-05-22
3645,達邁,TSE,TWSE,EQUITY,2024-05-22
3652,精聯,TSE,TWSE,EQUITY,2024-05-22
3653,健策,TSE,TWSE,EQUITY,2024-05-22
3661,世芯-KY,TSE,TWSE,EQUITY,2024-05-22
3665,貿聯-KY,TSE,TWSE,EQUITY,2024-05-22
3669,圓展,TSE,TWSE,EQUITY,2024-05-22
3673,TPK-KY,TSE,TWSE,EQUITY,2024-05-22
3679,新至陞,TSE,TWSE,EQUITY,2024-05-22
3686,達能,TSE,TWSE,EQUITY,2024-05-22
3694,海華,TSE,TWSE,EQUITY,2024-05-22
3701,大眾控,TSE,TWSE,EQUITY,2024-05-22
3702,大聯大,TSE,TWSE,EQUITY,2024-05-22
3703,欣陸,TSE,TWSE,EQUITY,2024-05-22
3704,合勤控,TSE,TWSE,EQUITY,2024-05-22
3705,永信,TSE,TWSE,EQUITY,2024-05-22
3706,神達,TSE,TWSE,EQUITY,2024-05-22
3708,上緯投控,TSE,TWSE,EQUITY,2024-05-22
3711,日月光投控,TSE,TWSE,EQUITY,2024-05-22
3712,永崴投控,TSE,TWSE,EQUITY,2024-05-22
3714,富采,TSE,TWSE,EQUITY,2024-05-22
3715,定穎投控,TSE,TWSE,EQUITY,2024-05-22
4104,佳醫,TSE,TWSE,EQUITY,2024-05-22
4108,懷特,TSE,TWSE,EQUITY,2024-05-22
4106,雃博,TSE,TWSE,EQUITY,2024-05-22
4119,旭富,TSE,TWSE,EQUITY,2024-05-22
4133,亞諾法,TSE,TWSE,EQUITY,2024-05-22
4137,麗豐-KY,TSE,TWSE,EQUITY,2024-05-22
4148,全宇生技-KY,TSE,TWSE,EQUITY,2024-05-22
4142,國光生,TSE,TWSE,EQUITY,2024-05-22
4155,訊映,TSE,TWSE,EQUITY,2024-05-22
4164,承業醫,TSE,TWSE,EQUITY,2024-05-22
4190,佐登-KY,TSE,TWSE,EQUITY,2024-05-22
4306,炎洲,TSE,TWSE,EQUITY,2024-05-22
4414,如興,TSE,TWSE,EQUITY,2024-05-22
4426,利勤,TSE,TWSE,EQUITY,2024-05-22
4438,廣越,TSE,TWSE,EQUITY,2024-05-22
4439,冠星-KY,TSE,TWSE,EQUITY,2024-05-22
4440,宜新實業,TSE,TWSE,EQUITY,2024-05-22
4526,東台,TSE,TWSE,EQUITY,2024-05-22
4532,瑞智,TSE,TWSE,EQUITY,2024-05-22
4536,拓凱,TSE,TWSE,EQUITY,2024-05-22
4540,全球傳動,TSE,TWSE,EQUITY,2024-05-22
4545,銘鈺,TSE,TWSE,EQUITY,2024-05-22
4551,智伸科,TSE,TWSE,EQUITY,2024-05-22
4552,力達-KY,TSE,TWSE,EQUITY,2024-05-22
4555,氣立,TSE,TWSE,EQUITY,2024-05-22
4557,永新-KY,TSE,TWSE,EQUITY,2024-05-22
4560,強信-KY,TSE,TWSE,EQUITY,2024-05-22
4564,元翎,TSE,TWSE,EQUITY,2024-05-22
4566,時碩工業,TSE,TWSE,EQUITY,2024-05-22
4569,六方科-KY,TSE,TWSE,EQUITY,2024-05-22
4571,鈞興-KY,TSE,TWSE,EQUITY,2024-05-22
4572,駐龍,TSE,TWSE,EQUITY,2024-05-22
4576,大銀微系統,TSE,TWSE,EQUITY,2024-05-22
4581,光隆精密-KY,TSE,TWSE,EQUITY,2024-05-22
4583,台灣精銳,TSE,TWSE,EQUITY,2024-05-22
4588,玖鼎電力,TSE,TWSE,EQUITY,2024-05-22
4720,德淵,TSE,TWSE,EQUITY,2024-05-22
4722,國精化,TSE,TWSE,EQUITY,2024-05-22
4736,泰博,TSE,TWSE,EQUITY,2024-05-22
4737,華廣,TSE,TWSE,EQUITY,2024-05-22
4739,康普,TSE,TWSE,EQUITY,2024-05-22
4746,台耀,TSE,TWSE,EQUITY,2024-05-22
4755,三福化,TSE,TWSE,EQUITY,2024-05-22
4763,材料-KY,TSE,TWSE,EQUITY,2024-05-22
4764,雙鍵,TSE,TWSE,EQUITY,2024-05-22
4766,南寶,TSE,TWSE,EQUITY,2024-05-22
4770,上品,TSE,TWSE,EQUITY,2024-05-22
4771,望隼,TSE,TWSE,EQUITY,2024-05-22
4807,日成-KY,TSE,TWSE,EQUITY,2024-05-22
4904,遠傳,TSE,TWSE,EQUITY,2024-05-22
4906,正文,TSE,TWSE,EQUITY,2024-05-22
4912,聯德控股-KY,TSE,TWSE,EQUITY,2024-05-22
4915,致伸,TSE,TWSE,EQUITY,2024-05-22
4916,事欣科,TSE,TWSE,EQUITY,2024-05-22
4919,新唐,TSE,TWSE,EQUITY,2024-05-22
4927,泰鼎-KY,TSE,TWSE,EQUITY,2024-05-22
4930,燦星網,TSE,TWSE,EQUITY,2024-05-22
4934,太極,TSE,TWSE,EQUITY,2024-05-22
4935,茂林-KY,TSE,TWSE,EQUITY,2024-05-22
4942,嘉彰,TSE,TWSE,EQUITY,2024-05-22
4938,和碩,TSE,TWSE,EQUITY,2024-05-22
4943,康控-KY,TSE,TWSE,EQUITY,2024-05-22
4949,有成精密,TSE,TWSE,EQUITY,2024-05-22
4956,光鋐,TSE,TWSE,EQUITY,2024-05-22
4958,臻鼎-KY,TSE,TWSE,EQUITY,2024-05-22
4960,誠美材,TSE,TWSE,EQUITY,2024-05-22
4961,天鈺,TSE,TWSE,EQUITY,2024-05-22
4967,十銓,TSE,TWSE,EQUITY,2024-05-22
4968,立積,TSE,TWSE,EQUITY,2024-05-22
4976,佳凌,TSE,TWSE,EQUITY,2024-05-22
4977,眾達-KY,TSE,TWSE,EQUITY,2024-05-22
4989,榮科,TSE,TWSE,EQUITY,2024-05-22
4994,傳奇,TSE,TWSE,EQUITY,2024-05-22
4999,鑫禾,TSE,TWSE,EQUITY,2024-05-22
5007,三星,TSE,TWSE,EQUITY,2024-05-22
5203,訊連,TSE,TWSE,EQUITY,2024-05-22
5215,科嘉-KY,TSE,TWSE,EQUITY,2024-05-22
5222,全訊,TSE,TWSE,EQUITY,2024-05-22
5225,東科-KY,TSE,TWSE,EQUITY,2024-05-22
5234,達興材料,TSE,TWSE,EQUITY,2024-05-22
5243,乙盛-KY,TSE,TWSE,EQUITY,2024-05-22
5244,弘凱,TSE,TWSE,EQUITY,2024-05-22
5258,虹堡,TSE,TWSE,EQUITY,2024-05-22
5269,祥碩,TSE,TWSE,EQUITY,2024-05-22
5283,禾聯碩,TSE,TWSE,EQUITY,2024-05-22
5284,jpp-KY,TSE,TWSE,EQUITY,2024-05-22
5285,界霖,TSE,TWSE,EQUITY,2024-05-22
5288,豐祥-KY,TSE,TWSE,EQUITY,2024-05-22
5292,華懋,TSE,TWSE,EQUITY,2024-05-22
5306,桂盟,TSE,TWSE,EQUITY,2024-05-22
5388,中磊,TSE,TWSE,EQUITY,2024-05-22
5434,崇越,TSE,TWSE,EQUITY,2024-05-22
5469,瀚宇博,TSE,TWSE,EQUITY,2024-05-22
5471,松翰,TSE,TWSE,EQUITY,2024-05-22
5484,慧友,TSE,TWSE,EQUITY,2024-05-22
5515,建國,TSE,TWSE,EQUITY,2024-05-22
5519,隆大,TSE,TWSE,EQUITY,2024-05-22
5521,工信,TSE,TWSE,EQUITY,2024-05-22
5525,順天,TSE,TWSE,EQUITY,2024-05-22
5522,遠雄,TSE,TWSE,EQUITY,2024-05-22
5531,鄉林,TSE,TWSE,EQUITY,2024-05-22
5533,皇鼎,TSE,TWSE,EQUITY,2024-05-22
5534,長虹,TSE,TWSE,EQUITY,2024-05-22
5538,東明-KY,TSE,TWSE,EQUITY,2024-05-22
5546,永固-KY,TSE,TWSE,EQUITY,2024-05-22
5607,遠雄港,TSE,TWSE,EQUITY,2024-05-22
5608,四維航,TSE,TWSE,EQUITY,2024-05-22
5706,鳳凰,TSE,TWSE,EQUITY,2024-05-22
5871,中租-KY,TSE,TWSE,EQUITY,2024-05-22
5876,上海商銀,TSE,TWSE,EQUITY,2024-05-22
5880,合庫金,TSE,TWSE,EQUITY,2024-05-22
5906,台南-KY,TSE,TWSE,EQUITY,2024-05-22
5907,大洋-KY,TSE,TWSE,EQUITY,2024-05-22
6005,群益證,TSE,TWSE,EQUITY,2024-05-22
6024,群益期,TSE,TWSE,EQUITY,2024-05-22
6108,競國,TSE,TWSE,EQUITY,2024-05-22
6112,邁達特,TSE,TWSE,EQUITY,2024-05-22
6115,鎰勝,TSE,TWSE,EQUITY,2024-05-22
6116,彩晶,TSE,TWSE,EQUITY,2024-05-22
6117,迎廣,TSE,TWSE,EQUITY,2024-05-22
6120,達運,TSE,TWSE,EQUITY,2024-05-22
6128,上福,TSE,TWSE,EQUITY,2024-05-22
6133,金橋,TSE,TWSE,EQUITY,2024-05-22
6136,富爾特,TSE,TWSE,EQUITY,2024-05-22
6139,亞翔,TSE,TWSE,EQUITY,2024-05-22
6141,柏承,TSE,TWSE,EQUITY,2024-05-22
6142,友勁,TSE,TWSE,EQUITY,2024-05-22
6152,百一,TSE,TWSE,EQUITY,2024-05-22
6155,鈞寶,TSE,TWSE,EQUITY,2024-05-22
6153,嘉聯益,TSE,TWSE,EQUITY,2024-05-22
6164,華興,TSE,TWSE,EQUITY,2024-05-22
6165,浪凡,TSE,TWSE,EQUITY,2024-05-22
6166,凌華,TSE,TWSE,EQUITY,2024-05-22
6168,宏齊,TSE,TWSE,EQUITY,2024-05-22
6176,瑞儀,TSE,TWSE,EQUITY,2024-05-22
6177,達麗,TSE,TWSE,EQUITY,2024-05-22
6183,關貿,TSE,TWSE,EQUITY,2024-05-22
6184,大豐電,TSE,TWSE,EQUITY,2024-05-22
6189,豐藝,TSE,TWSE,EQUITY,2024-05-22
6191,精成科,TSE,TWSE,EQUITY,2024-05-22
6192,巨路,TSE,TWSE,EQUITY,2024-05-22
6196,帆宣,TSE,TWSE,EQUITY,2024-05-22
6197,佳必琪,TSE,TWSE,EQUITY,2024-05-22
6201,亞弘電,TSE,TWSE,EQUITY,2024-05-22
6202,盛群,TSE,TWSE,EQUITY,2024-05-22
6205,詮欣,TSE,TWSE,EQUITY,2024-05-22
6206,飛捷,TSE,TWSE,EQUITY,2024-05-22
6209,今國光,TSE,TWSE,EQUITY,2024-05-22
6213,聯茂,TSE,TWSE,EQUITY,2024-05-22
6214,精誠,TSE,TWSE,EQUITY,2024-05-22
6215,和椿,TSE,TWSE,EQUITY,2024-05-22
6216,居易,TSE,TWSE,EQUITY,2024-05-22
6224,聚鼎,TSE,TWSE,EQUITY,2024-05-22
6225,天瀚,TSE,TWSE,EQUITY,2024-05-22
6226,光鼎,TSE,TWSE,EQUITY,2024-05-22
6235,華孚,TSE,TWSE,EQUITY,2024-05-22
6239,力成,TSE,TWSE,EQUITY,2024-05-22
6243,迅杰,TSE,TWSE,EQUITY,2024-05-22
6257,矽格,TSE,TWSE,EQUITY,2024-05-22
6269,台郡,TSE,TWSE,EQUITY,2024-05-22
6271,同欣電,TSE,TWSE,EQUITY,2024-05-22
6277,宏正,TSE,TWSE,EQUITY,2024-05-22
6278,台表科,TSE,TWSE,EQUITY,2024-05-22
6281,全國電,TSE,TWSE,EQUITY,2024-05-22
6282,康舒,TSE,TWSE,EQUITY,2024-05-22
6283,淳安,TSE,TWSE,EQUITY,2024-05-22
6285,啟碁,TSE,TWSE,EQUITY,2024-05-22
6288,聯嘉,TSE,TWSE,EQUITY,2024-05-22
6405,悅城,TSE,TWSE,EQUITY,2024-05-22
6409,旭隼,TSE,TWSE,EQUITY,2024-05-22
6412,群電,TSE,TWSE,EQUITY,2024-05-22
6414,樺漢,TSE,TWSE,EQUITY,2024-05-22
6415,矽力*-KY,TSE,TWSE,EQUITY,2024-05-22
6416,瑞祺電通,TSE,TWSE,EQUITY,2024-05-22
6426,統新,TSE,TWSE,EQUITY,2024-05-22
6431,光麗-KY,TSE,TWSE,EQUITY,2024-05-22
6438,迅得,TSE,TWSE,EQUITY,2024-05-22
6443,元晶,TSE,TWSE,EQUITY,2024-05-22
6449,鈺邦,TSE,TWSE,EQUITY,2024-05-22
6451,訊芯-KY,TSE,TWSE,EQUITY,2024-05-22
6456,GIS-KY,TSE,TWSE,EQUITY,2024-05-22
6464,台數科,TSE,TWSE,EQUITY,2024-05-22
6472,保瑞,TSE,TWSE,EQUITY,2024-05-22
6477,安集,TSE,TWSE,EQUITY,2024-05-22
6491,晶碩,TSE,TWSE,EQUITY,2024-05-22
6504,南六,TSE,TWSE,EQUITY,2024-05-22
6505,台塑化,TSE,TWSE,EQUITY,2024-05-22
6515,穎崴,TSE,TWSE,EQUITY,2024-05-22
6525,捷敏-KY,TSE,TWSE,EQUITY,2024-05-22
6526,達發,TSE,TWSE,EQUITY,2024-05-22
6531,愛普*,TSE,TWSE,EQUITY,2024-05-22
6533,晶心科,TSE,TWSE,EQUITY,2024-05-22
6541,泰福-KY,TSE,TWSE,EQUITY,2024-05-22
6550,北極星藥業-KY,TSE,TWSE,EQUITY,2024-05-22
6552,易華電,TSE,TWSE,EQUITY,2024-05-22
6558,興能高,TSE,TWSE,EQUITY,2024-05-22
6573,虹揚-KY,TSE,TWSE,EQUITY,2024-05-22
6579,研揚,TSE,TWSE,EQUITY,2024-05-22
6581,鋼聯,TSE,TWSE,EQUITY,2024-05-22
6582,申豐,TSE,TWSE,EQUITY,2024-05-22
6585,鼎基,TSE,TWSE,EQUITY,2024-05-22
6591,動力-KY,TSE,TWSE,EQUITY,2024-05-22
6592,和潤企業,TSE,TWSE,EQUITY,2024-05-22
6598,ABC-KY,TSE,TWSE,EQUITY,2024-05-22
6605,帝寶,TSE,TWSE,EQUITY,2024-05-22
6606,建德工業,TSE,TWSE,EQUITY,2024-05-22
6625,必應,TSE,TWSE,EQUITY,2024-05-22
6641,基士德-KY,TSE,TWSE,EQUITY,2024-05-22
6655,科定,TSE,TWSE,EQUITY,2024-05-22
6657,華安,TSE,TWSE,EQUITY,2024-05-22
6658,聯策,TSE,TWSE,EQUITY,2024-05-22
6666,羅麗芬-KY,TSE,TWSE,EQUITY,2024-05-22
6668,中揚光,TSE,TWSE,EQUITY,2024-05-22
6669,緯穎,TSE,TWSE,EQUITY,2024-05-22
6670,復盛應用,TSE,TWSE,EQUITY,2024-05-22
6671,三能-KY,TSE,TWSE,EQUITY,2024-05-22
6672,騰輝電子-KY,TSE,TWSE,EQUITY,2024-05-22
6674,鋐寶科技,TSE,TWSE,EQUITY,2024-05-22
6689,伊雲谷,TSE,TWSE,EQUITY,2024-05-22
6691,洋基工程,TSE,TWSE,EQUITY,2024-05-22
6695,芯鼎,TSE,TWSE,EQUITY,2024-05-22
6698,旭暉應材,TSE,TWSE,EQUITY,2024-05-22
6715,嘉基,TSE,TWSE,EQUITY,2024-05-22
6719,力智,TSE,TWSE,EQUITY,2024-05-22
6742,澤米,TSE,TWSE,EQUITY,2024-05-22
6743,安普新,TSE,TWSE,EQUITY,2024-05-22
6753,龍德造船,TSE,TWSE,EQUITY,2024-05-22
6754,匯僑設計,TSE,TWSE,EQUITY,2024-05-22
6756,威鋒電子,TSE,TWSE,EQUITY,2024-05-22
6768,志強-KY,TSE,TWSE,EQUITY,2024-05-22
6770,力積電,TSE,TWSE,EQUITY,2024-05-22
6776,展碁國際,TSE,TWSE,EQUITY,2024-05-22
6781,AES-KY,TSE,TWSE,EQUITY,2024-05-22
6782,視陽,TSE,TWSE,EQUITY,2024-05-22
6789,采鈺,TSE,TWSE,EQUITY,2024-05-22
6790,永豐實,TSE,TWSE,EQUITY,2024-05-22
6792,詠業,TSE,TWSE,EQUITY,2024-05-22
6796,晉弘,TSE,TWSE,EQUITY,2024-05-22
6799,來頡,TSE,TWSE,EQUITY,2024-05-22
6805,富世達,TSE,TWSE,EQUITY,2024-05-22
6806,森崴能源,TSE,TWSE,EQUITY,2024-05-22
6807,峰源-KY,TSE,TWSE,EQUITY,2024-05-22
6830,汎銓,TSE,TWSE,EQUITY,2024-05-22
6834,天二科技,TSE,TWSE,EQUITY,2024-05-22
6835,圓裕,TSE,TWSE,EQUITY,2024-05-22
6861,睿生光電,TSE,TWSE,EQUITY,2024-05-22
6901,鑽石投資,TSE,TWSE,EQUITY,2024-05-22
6906,現觀科,TSE,TWSE,EQUITY,2024-05-22
6914,阜爾運通,TSE,TWSE,EQUITY,2024-05-22
6916,華凌,TSE,TWSE,EQUITY,2024-05-22
6928,攸泰科技,TSE,TWSE,EQUITY,2024-05-22
6933,AMAX-KY,TSE,TWSE,EQUITY,2024-05-22
6937,天虹,TSE,TWSE,EQUITY,2024-05-22
8011,台通,TSE,TWSE,EQUITY,2024-05-22
8016,矽創,TSE,TWSE,EQUITY,2024-05-22
8021,尖點,TSE,TWSE,EQUITY,2024-05-22
8028,昇陽半導體,TSE,TWSE,EQUITY,2024-05-22
8039,台虹,TSE,TWSE,EQUITY,2024-05-22
8046,南電,TSE,TWSE,EQUITY,2024-05-22
8070,長華*,TSE,TWSE,EQUITY,2024-05-22
8072,陞泰,TSE,TWSE,EQUITY,2024-05-22
8081,致新,TSE,TWSE,EQUITY,2024-05-22
8101,華冠,TSE,TWSE,EQUITY,2024-05-22
8103,瀚荃,TSE,TWSE,EQUITY,2024-05-22
8104,錸寶,TSE,TWSE,EQUITY,2024-05-22
8105,凌巨,TSE,TWSE,EQUITY,2024-05-22
8110,華東,TSE,TWSE,EQUITY,2024-05-22
8112,至上,TSE,TWSE,EQUITY,2024-05-22
8114,振樺電,TSE,TWSE,EQUITY,2024-05-22
8131,福懋科,TSE,TWSE,EQUITY,2024-05-22
8150,南茂,TSE,TWSE,EQUITY,2024-05-22
8163,達方,TSE,TWSE,EQUITY,2024-05-22
8201,無敵,TSE,TWSE,EQUITY,2024-05-22
8210,勤誠,TSE,TWSE,EQUITY,2024-05-22
8213,志超,TSE,TWSE,EQUITY,2024-05-22
8215,明基材,TSE,TWSE,EQUITY,2024-05-22
8222,寶一,TSE,TWSE,EQUITY,2024-05-22
8249,菱光,TSE,TWSE,EQUITY,2024-05-22
8261,富鼎,TSE,TWSE,EQUITY,2024-05-22
8271,宇瞻,TSE,TWSE,EQUITY,2024-05-22
8341,日友,TSE,TWSE,EQUITY,2024-05-22
8367,建新國際,TSE,TWSE,EQUITY,2024-05-22
8374,羅昇,TSE,TWSE,EQUITY,2024-05-22
8404,百和興業-KY,TSE,TWSE,EQUITY,2024-05-22
8411,福貞-KY,TSE,TWSE,EQUITY,2024-05-22
8422,可寧衛,TSE,TWSE,EQUITY,2024-05-22
8429,金麗-KY,TSE,TWSE,EQUITY,2024-05-22
8438,昶昕,TSE,TWSE,EQUITY,2024-05-22
8442,威宏-KY,TSE,TWSE,EQUITY,2024-05-22
8443,阿瘦,TSE,TWSE,EQUITY,2024-05-22
8454,富邦媒,TSE,TWSE,EQUITY,2024-05-22
8462,柏文,TSE,TWSE,EQUITY,2024-05-22
8463,潤泰材,TSE,TWSE,EQUITY,2024-05-22
8464,億豐,TSE,TWSE,EQUITY,2024-05-22
8466,美吉吉-KY,TSE,TWSE,EQUITY,2024-05-22
8467,波力-KY,TSE,TWSE,EQUITY,2024-05-22
8473,山林水,TSE,TWSE,EQUITY,2024-05-22
8476,台境,TSE,TWSE,EQUITY,2024-05-22
8478,東哥遊艇,TSE,TWSE,EQUITY,2024-05-22
8481,政伸,TSE,TWSE,EQUITY,2024-05-22
8482,商億-KY,TSE,TWSE,EQUITY,2024-05-22
8488,吉源-KY,TSE,TWSE,EQUITY,2024-05-22
8499,鼎炫-KY,TSE,TWSE,EQUITY,2024-05-22
8926,台汽電,TSE,TWSE,EQUITY,2024-05-22
8940,新天地,TSE,TWSE,EQUITY,2024-05-22
910322,康師傅-DR,TSE,TWSE,EQUITY,2024-05-22
9105,泰金寶-DR,TSE,TWSE,EQUITY,2024-05-22
910861,神州-DR,TSE,TWSE,EQUITY,2024-05-22
9110,越南控-DR,TSE,TWSE,EQUITY,2024-05-22
911608,明輝-DR,TSE,TWSE,EQUITY,2024-05-22
911622,泰聚亨-DR,TSE,TWSE,EQUITY,2024-05-22
912000,晨訊科-DR,TSE,TWSE,EQUITY,2024-05-22
9136,巨騰-DR,TSE,TWSE,EQUITY,2024-05-22
9802,鈺齊-KY,TSE,TWSE,EQUITY,2024-05-22
9902,台火,TSE,TWSE,EQUITY,2024-05-22
9904,寶成,TSE,TWSE,EQUITY,2024-05-22
9905,大華,TSE,TWSE,EQUITY,2024-05-22
9906,欣巴巴,TSE,TWSE,EQUITY,2024-05-22
9907,統一實,TSE,TWSE,EQUITY,2024-05-22
9908,大台北,TSE,TWSE,EQUITY,2024-05-22
9910,豐泰,TSE,TWSE,EQUITY,2024-05-22
9911,櫻花,TSE,TWSE,EQUITY,2024-05-22
9912,偉聯,TSE,TWSE,EQUITY,2024-05-22
9914,美利達,TSE,TWSE,EQUITY,2024-05-22
9917,中保科,TSE,TWSE,EQUITY,2024-05-22
9918,欣天然,TSE,TWSE,EQUITY,2024-05-22
9919,康那香,TSE,TWSE,EQUITY,2024-05-22
9921,巨大,TSE,TWSE,EQUITY,2024-05-22
9924,福興,TSE,TWSE,EQUITY,2024-05-22
9925,新保,TSE,TWSE,EQUITY,2024-05-22
9926,新海,TSE,TWSE,EQUITY,2024-05-22
9927,泰銘,TSE,TWSE,EQUITY,2024-05-22
9928,中視,TSE,TWSE,EQUITY,2024-05-22
9929,秋雨,TSE,TWSE,EQUITY,2024-05-22
9930,中聯資源,TSE,TWSE,EQUITY,2024-05-22
9931,欣高,TSE,TWSE,EQUITY,2024-05-22
9933,中鼎,TSE,TWSE,EQUITY,2024-05-22
9934,成霖,TSE,TWSE,EQUITY,2024-05-22
9935,慶豐富,TSE,TWSE,EQUITY,2024-05-22
9937,全國,TSE,TWSE,EQUITY,2024-05-22
9938,百和,TSE,TWSE,EQUITY,2024-05-22
9939,宏全,TSE,TWSE,EQUITY,2024-05-22
9940,信義,TSE,TWSE,EQUITY,2024-05-22
9941,裕融,TSE,TWSE,EQUITY,2024-05-22
9942,茂順,TSE,TWSE,EQUITY,2024-05-22
9943,好樂迪,TSE,TWSE,EQUITY,2024-05-22
9944,新麗,TSE,TWSE,EQUITY,2024-05-22
9945,潤泰新,TSE,TWSE,EQUITY,2024-05-22
9946,三發地產,TSE,TWSE,EQUITY,2024-05-22
9955,佳龍,TSE,TWSE,EQUITY,2024-05-22
9958,世紀鋼,TSE,TWSE,EQUITY,2024-05-22
